username,phone,email,ip
xavier_ex,321-021-6338,xavier_ex@hotmail.com,41.175.154.13
emerson_illo,1-868-522-4667,emerson_illo@yahoo.com,167.48.244.89
clarabelle_consequuntur,209-170-4103,clarabelle_consequuntur@gmail.com,175.126.205.6
edward_voluptatem,1-435-379-9863,edward_voluptatem@hotmail.com,27.169.68.64
paige_in,670-376-3951,paige_in@hotmail.com,84.253.98.176
katelyn_sed,866-246-8438,katelyn_sed@yahoo.com,251.33.63.149
rudolph_sed,1-447-162-8041,rudolph_sed@hotmail.com,13.173.141.170
hope_consequatur,147-021-0914,hope_consequatur@hotmail.com,190.158.156.94
dena_facilis,1-351-345-6884,dena_facilis@yahoo.com,160.178.85.9
kathryne_et,1-387-833-8136,kathryne_et@yahoo.com,37.181.177.183
erin_culpa,1-676-606-2394,erin_culpa@hotmail.com,193.206.123.233
lula_reprehenderit,884-204-6712,lula_reprehenderit@hotmail.com,211.65.227.137
daron_repudiandae,177-968-6112,daron_repudiandae@yahoo.com,177.144.133.113
maye_totam,947-620-1540,maye_totam@hotmail.com,186.43.168.166
hic.deja,1-230-291-5521,hic.deja@yahoo.com,203.6.175.210
collin_rerum,967-388-2653,collin_rerum@yahoo.com,4.85.69.186
annette_voluptatum,(665) 451-8708,annette_voluptatum@yahoo.com,136.195.70.168
quentin_minima,934.472.2392,quentin_minima@hotmail.com,3.15.232.238
louie_doloribus,713.989.6780,louie_doloribus@hotmail.com,209.103.167.168
pierce_pariatur,426-897-0946,pierce_pariatur@yahoo.com,159.48.253.100
jason_at,924-738-5024,jason_at@hotmail.com,21.15.90.255
zoey_eligendi,542-143-7276,zoey_eligendi@gmail.com,5.183.237.24
francisco_facere,(563) 166-7488,francisco_facere@yahoo.com,182.191.6.110
queen_velit,359.306.0953,queen_velit@yahoo.com,36.240.173.100
quinton_laudantium,274-364-0820,quinton_laudantium@hotmail.com,82.189.211.214
joesph_eum,(578) 872-5302,joesph_eum@gmail.com,185.4.85.147
brenna_ut,(874) 665-5662,brenna_ut@gmail.com,244.26.113.249
clemens_sed,503.154.7486,clemens_sed@gmail.com,242.227.84.11
isadore_libero,821.008.1268,isadore_libero@gmail.com,183.158.174.77
ottis_error,554.971.3799,ottis_error@gmail.com,79.41.52.243
buster_aut,(999) 621-5503,buster_aut@yahoo.com,18.120.199.105
veda_sit,373-921-9624,veda_sit@gmail.com,85.75.118.117
lenny_magnam,(771) 700-5107,lenny_magnam@hotmail.com,155.253.159.170
tony_beatae,(635) 502-6339,tony_beatae@hotmail.com,38.124.253.140
christop_sint,(736) 590-4003,christop_sint@yahoo.com,44.65.80.185
hattie_modi,767.102.5938,hattie_modi@gmail.com,224.57.13.12
florencio_deleniti,443.527.3339,florencio_deleniti@hotmail.com,50.158.178.143
edyth_ut,419.375.7932,edyth_ut@hotmail.com,247.124.70.85
jaclyn_magni,(792) 857-5389,jaclyn_magni@yahoo.com,111.61.7.28
hailey_non,1-970-031-6366,hailey_non@yahoo.com,76.137.8.147
shanel_tenetur,648.353.1719,shanel_tenetur@yahoo.com,124.114.245.43
kailyn_quia,1-433-758-9592,kailyn_quia@yahoo.com,149.105.6.233
valentin_sit,905-990-1463,valentin_sit@gmail.com,74.157.37.22
lavada_esse,(690) 728-3727,lavada_esse@yahoo.com,52.116.113.197
josiane_recusandae,(368) 003-1910,josiane_recusandae@hotmail.com,135.211.143.210
gladyce_illum,491.074.6400,gladyce_illum@yahoo.com,221.89.35.20
romaine_fugit,127.142.8827,romaine_fugit@gmail.com,97.105.245.148
jany_omnis,470-143-0974,jany_omnis@gmail.com,246.72.253.105
keshawn_molestias,529.367.8997,keshawn_molestias@gmail.com,243.151.136.151
candelario_ipsam,803.831.8562,candelario_ipsam@hotmail.com,168.91.192.76
dena_exercitationem,(814) 077-2520,dena_exercitationem@gmail.com,122.125.211.28
kariane_error,921-477-0036,kariane_error@yahoo.com,102.24.80.222
tre_dolor,1-216-615-8221,tre_dolor@gmail.com,227.70.6.161
llewellyn_culpa,798.580.5375,llewellyn_culpa@gmail.com,136.173.145.63
unique_dolores,104-390-8294,unique_dolores@gmail.com,109.251.243.129
norval_sunt,(341) 784-5759,norval_sunt@hotmail.com,214.227.28.22
vesta_rerum,399.405.3170,vesta_rerum@yahoo.com,69.222.182.19
raina_consequatur,1-641-873-8138,raina_consequatur@hotmail.com,197.148.71.199
percy_vitae,357-637-5665,percy_vitae@hotmail.com,167.150.46.2
reva_aliquam,1-352-891-1801,reva_aliquam@hotmail.com,90.175.126.62
amira_ea,641-297-5212,amira_ea@gmail.com,58.227.41.119
virgil_dignissimos,(381) 349-0459,virgil_dignissimos@yahoo.com,252.15.50.200
walker_molestiae,(550) 804-8409,walker_molestiae@yahoo.com,62.217.190.60
deonte_tenetur,1-490-458-0265,deonte_tenetur@hotmail.com,233.148.40.121
ilene_ut,574-779-1543,ilene_ut@yahoo.com,205.77.112.236
kiera_ut,251.891.1114,kiera_ut@hotmail.com,71.247.128.112
alford_perferendis,541-396-0059,alford_perferendis@yahoo.com,195.126.154.188
david_placeat,(294) 799-3766,david_placeat@hotmail.com,161.120.80.194
earnestine_qui,721-890-5867,earnestine_qui@hotmail.com,197.8.150.123
paxton_alias,266-764-6801,paxton_alias@yahoo.com,158.226.56.205
stanford_aperiam,1-459-165-4223,stanford_aperiam@gmail.com,194.33.173.232
brooks_odit,255-659-5704,brooks_odit@yahoo.com,68.44.10.249
alejandrin_ea,(541) 491-5819,alejandrin_ea@hotmail.com,104.29.238.169
kamron_quidem,933-564-1450,kamron_quidem@hotmail.com,145.202.144.6
helene_facere,488-384-1486,helene_facere@yahoo.com,242.146.39.104
donnell_deleniti,(733) 536-7699,donnell_deleniti@yahoo.com,189.161.154.41
penelope_suscipit,655.601.0442,penelope_suscipit@hotmail.com,102.83.0.128
paxton_et,(630) 506-5569,paxton_et@yahoo.com,20.119.215.40
garnett_odit,715-148-0696,garnett_odit@hotmail.com,98.9.255.96
charlie_aperiam,1-512-275-3490,charlie_aperiam@yahoo.com,13.143.69.57
casimer_eum,594-489-4438,casimer_eum@yahoo.com,103.161.166.186
fiona103,109.328.0932,fiona103@hotmail.com,43.97.73.76
elvie_officiis,(248) 003-0233,elvie_officiis@hotmail.com,68.112.71.149
jamaal_sed,399-540-5843,jamaal_sed@yahoo.com,29.219.113.84
may_qui,1-499-899-2652,may_qui@hotmail.com,126.148.159.94
dedrick_qui,233-007-4319,dedrick_qui@hotmail.com,127.203.216.142
moises_quibusdam,106-179-0237,moises_quibusdam@hotmail.com,220.18.118.78
edmond_et,(174) 214-5089,edmond_et@hotmail.com,108.246.166.202
polly_architecto,(652) 125-7113,polly_architecto@hotmail.com,138.245.183.212
carrie_eos,1-165-231-9871,carrie_eos@yahoo.com,122.24.15.224
robb_sed,(409) 145-6190,robb_sed@yahoo.com,231.43.76.50
neil_quasi,306.279.6599,neil_quasi@yahoo.com,25.25.82.56
gage_assumenda,(481) 720-2087,gage_assumenda@hotmail.com,18.223.61.105
julie_et,913-708-0140,julie_et@hotmail.com,97.37.82.202
madalyn_error,564-184-0860,madalyn_error@yahoo.com,96.168.105.1
javon_culpa,(263) 007-0604,javon_culpa@hotmail.com,15.92.59.194
vita_cumque,620-237-8071,vita_cumque@hotmail.com,236.155.100.163
rocio_ut,526.687.4855,rocio_ut@gmail.com,108.129.7.78
mustafa_est,(869) 882-4983,mustafa_est@gmail.com,42.123.237.9
